{
  "name": "ExtractPDFText",
  "projectId": "3e7ed887-1339-4b26-bd70-23871205067a",
  "description": "Blank Process",
  "main": "Main.xaml",
  "dependencies": {
    "UiPath.DocumentUnderstanding.Activities": "[2.16.1]",
    "UiPath.PDF.Activities": "[3.24.0]",
    "UiPath.System.Activities": "[25.8.1]"
  },
  "webServices": [],
  "entitiesStores": [],
  "schemaVersion": "4.0",
  "studioVersion": "25.0.176.0",
  "projectVersion": "1.0.0",
  "runtimeOptions": {
    "autoDispose": false,
    "netFrameworkLazyLoading": false,
    "isPausable": true,
    "isAttended": false,
    "requiresUserInteraction": true,
    "supportsPersistence": false,
    "workflowSerialization": "NewtonsoftJson",
    "excludedLoggedData": [
      "Private:*",
      "*password*"
    ],
    "executionType": "Workflow",
    "readyForPiP": false,
    "startsInPiP": false,
    "mustRestoreAllDependencies": true,
    "pipType": "ChildSession"
  },
  "designOptions": {
    "projectProfile": "Developement",
    "outputType": "Process",
    "libraryOptions": {
      "privateWorkflows": []
    },
    "processOptions": {
      "ignoredFiles": []
    },
    "fileInfoCollection": [],
    "saveToCloud": false
  },
  "expressionLanguage": "VisualBasic",
  "entryPoints": [
    {
      "filePath": "Main.xaml",
      "uniqueId": "34f05617-8999-43a5-966b-2e9bb7b5a3f2",
      "input": [],
      "output": []
    }
  ],
  "isTemplate": false,
  "templateProjectData": {},
  "publishData": {},
  "targetFramework": "Windows"
}